seed,time_solve,size_bytes
666, 179.87583088874817, 349716747
599, 192.70174741744995, 306010007
498, 190.73928380012512, 346913485
651, 200.88095688819885, 348485800
933, 206.0142695903778, 346585101
56, 187.63921809196472, 343017730
598, 214.82706546783447, 333466754
206, 225.86592936515808, 342130565
678, 177.42241787910461, 307178358
799, 193.8561065196991, 315626165
684, 177.43819952011108, 320167756
415, 177.32639288902283, 301565296
356, 184.02912139892578, 294714634
180, 160.57713270187378, 297276619
726, 200.30222535133362, 326218780
691, 180.916827917099, 306549397
713, 209.96890950202942, 344784594
252, 195.77481603622437, 305229656
106, 194.7180724143982, 332836040
205, 172.25223398208618, 327528192
454, 126.97308397293091, 261750147
405, 185.4583740234375, 314055499
997, 204.9067280292511, 378848052
239, 203.28668594360352, 337139386
899, 186.4128177165985, 302943178
903, 203.06822800636292, 338574228
520, 187.07588648796082, 315941648
487, 198.24323391914368, 341107761
120, 177.48723602294922, 303883806
947, 197.70434045791626, 315713326
277, 233.93303894996643, 335599710
65, 185.34881496429443, 318626554
360, 185.0490107536316, 338791417
117, 191.27393293380737, 299674259
850, 158.36406779289246, 287291079
103, 169.15637469291687, 317632009
372, 236.32289958000183, 389764459
214, 235.28808093070984, 394976683
821, 195.08378767967224, 355490579
985, 162.19151663780212, 293348737
581, 174.7690451145172, 296574580
448, 186.0094931125641, 309994306
207, 182.60225534439087, 330003732
789, 179.5063292980194, 310359892
332, 240.00035190582275, 397720918
25, 227.7341811656952, 357306395
456, 187.59490180015564, 301995894
158, 176.4295802116394, 334694782
351, 252.23032116889954, 386452934
567, 175.31766629219055, 312882104
43, 208.01218676567078, 365488097
0, 215.015469789505, 342177692
796, 219.4234516620636, 365893691
35, 161.02131819725037, 284351035
116, 206.01736569404602, 310428603
51, 195.37706756591797, 353074104
20, 201.31467580795288, 315136562
952, 206.74027514457703, 381205375
410, 214.62844324111938, 430095341
72, 159.67376947402954, 294897926
769, 208.46672582626343, 368060310
264, 206.01380729675293, 323789469
181, 192.9117591381073, 325937834
128, 223.04781413078308, 360822650
87, 175.16504216194153, 325526205
469, 182.84293007850647, 307689944
213, 202.9537534713745, 354643018
384, 179.5554919242859, 321178151
857, 186.39417552947998, 319748200
172, 203.8657910823822, 331322974
203, 218.77327346801758, 356373457
793, 164.9407615661621, 298711088
670, 180.0144898891449, 311734283
644, 178.1790463924408, 305047596
459, 179.51420664787292, 308412192
434, 188.9525487422943, 296010187
554, 188.7591371536255, 321092251
170, 226.42961287498474, 327496543
604, 182.2160255908966, 282681234
893, 186.55578207969666, 313174872
749, 193.45698308944702, 337392008
699, 184.54042506217957, 308364717
437, 231.4443256855011, 381987630
627, 181.9332935810089, 327056578
862, 195.7493953704834, 335136852
256, 209.39817881584167, 330218383
750, 174.83734703063965, 318543823
658, 159.10368394851685, 277124268
971, 241.66708540916443, 374992426
357, 198.45907950401306, 311349246
994, 217.3744239807129, 366653097
164, 196.86001682281494, 363786280
863, 202.47520637512207, 327577160
241, 193.90135407447815, 327378666
297, 176.6482539176941, 304409678
85, 200.87532591819763, 327497659
388, 156.63293313980103, 290731821
412, 189.23605918884277, 331463875
232, 192.85429525375366, 311963236
367, 194.8827829360962, 319802680
760, 194.83524537086487, 363566643
584, 199.6114377975464, 335392103
322, 206.44821047782898, 341267766
766, 175.58476281166077, 326974074
168, 170.71874833106995, 326399235
291, 198.23449230194092, 316599933
31, 210.47215914726257, 362809931
19, 223.62298583984375, 329162371
306, 238.93734645843506, 388972474
802, 210.75929164886475, 333396729
835, 179.97797536849976, 336782480
119, 191.19051933288574, 311720671
305, 180.9239842891693, 319749161
774, 190.26029634475708, 319304051
105, 188.41453409194946, 309342714
524, 139.57767462730408, 299319505
325, 174.08780145645142, 314282036
59, 231.76921939849854, 391835339
949, 198.15765404701233, 330891188
341, 276.5130784511566, 329033622
97, 236.79957699775696, 378564688
483, 211.97567105293274, 299523285
247, 196.94432497024536, 358197556
4, 242.95504093170166, 403088682
959, 208.46474742889404, 357108662
904, 215.02407026290894, 365423907
248, 235.05239343643188, 367484671
293, 188.00351738929749, 318567570
292, 204.14584612846375, 353251650
447, 148.8044593334198, 284307347
333, 172.03660011291504, 306237920
756, 190.83903646469116, 299622960
953, 186.84208703041077, 326252959
71, 167.06649518013, 311296936
175, 213.03957176208496, 342333486
754, 178.70878624916077, 299778841
275, 174.35154914855957, 299866003
724, 223.59555172920227, 361415494
9, 217.47546815872192, 348189161
160, 192.88373804092407, 344876925
637, 169.469486951828, 279296603
738, 208.48013710975647, 334666154
660, 205.49326634407043, 350655033
484, 199.0848424434662, 322938658
632, 166.66506218910217, 309636666
244, 188.7134780883789, 330634668
251, 192.92850279808044, 315471193
698, 212.91488099098206, 377099966
580, 190.8779010772705, 332508588
217, 193.9182243347168, 357131821
894, 186.36236000061035, 306552493
927, 190.06485104560852, 310816191
352, 173.30183339118958, 315818157
421, 199.4554796218872, 352583783
113, 204.50071740150452, 341615868
320, 200.71541166305542, 323951947
805, 176.6146695613861, 286839709
773, 184.48636198043823, 313743570
246, 214.1910915374756, 330763899
586, 210.364075422287, 354050368
294, 200.75936913490295, 328738458
326, 215.05500650405884, 356769843
392, 171.732741355896, 285037304
775, 200.33022260665894, 331566722
10, 191.45438385009766, 308565408
153, 181.62760663032532, 324472660
480, 212.52360701560974, 356486802
886, 199.79513478279114, 361966775
18, 193.76899075508118, 309423125
571, 152.68990564346313, 278596361
488, 217.38772559165955, 348789906
525, 181.51617789268494, 309496494
530, 206.86160564422607, 320203280
54, 146.82008337974548, 268436030
285, 157.27740097045898, 296303899
876, 187.82675004005432, 309353776
313, 201.73708844184875, 352685079
909, 223.58248925209045, 414428157
882, 167.71598291397095, 335652979
523, 168.4639663696289, 313094892
996, 168.7013864517212, 289048469
676, 204.85624051094055, 352661550
130, 174.25095748901367, 287176330
397, 195.0893259048462, 325704222
820, 183.5624372959137, 322348102
288, 192.7352316379547, 348242555
648, 156.80402159690857, 272545503
528, 185.36872482299805, 329965518
720, 197.3882658481598, 331689520
196, 206.7560887336731, 319774136
268, 174.12492656707764, 308543684
100, 183.87278032302856, 320930014
844, 174.92786526679993, 314693499
851, 189.66893029212952, 348182949
868, 181.40421533584595, 295785137
342, 161.0048325061798, 339422112
631, 177.8291962146759, 304392659
187, 207.34147953987122, 343845723
129, 221.8480396270752, 350976819
514, 173.25723791122437, 307537155
102, 168.6569426059723, 312845257
706, 199.24115586280823, 342214160
526, 228.19095373153687, 368609885
298, 205.96346282958984, 320409333
943, 173.8555464744568, 311069164
58, 219.02212071418762, 359535451
494, 192.51788067817688, 336120027
544, 174.8733732700348, 285102145
89, 233.93460631370544, 363499238
390, 192.94124102592468, 393889046
986, 186.2355854511261, 310567229
560, 223.37913417816162, 372472841
345, 175.92293787002563, 314669261
693, 189.56067156791687, 304847439
115, 194.04434275627136, 365129747
394, 161.98471879959106, 300696160
625, 205.3853199481964, 350723579
747, 165.6172342300415, 296472188
539, 192.42909860610962, 367324371
638, 194.96722388267517, 329220756
470, 212.83731603622437, 322400717
603, 174.0648069381714, 291558271
661, 205.80422711372375, 349918241
914, 198.26149606704712, 328839654
890, 179.89853715896606, 316265966
169, 186.00298643112183, 312311378
549, 188.80621767044067, 346404681
559, 179.71721696853638, 310018705
414, 196.0324854850769, 345522691
212, 213.8889627456665, 366190623
152, 192.12741017341614, 347330700
957, 214.2069435119629, 350836891
546, 246.3369791507721, 383032327
981, 181.74006748199463, 310680310
961, 180.39913249015808, 326294336
348, 175.52041745185852, 306097078
249, 247.25676465034485, 423494760
989, 191.53177213668823, 332309920
107, 175.45771765708923, 320027250
260, 192.06168413162231, 337954039
690, 181.03761553764343, 300215753
797, 186.33487200737, 315408937
516, 188.53423810005188, 346718281
801, 179.1271116733551, 297074134
195, 202.3290638923645, 339179474
786, 208.62568926811218, 323105775
101, 176.94541430473328, 320641197
813, 198.0951738357544, 331653902
358, 175.54298090934753, 301357304
869, 201.54238033294678, 344589719
919, 225.47423768043518, 363672999
854, 179.56381511688232, 292700432
118, 161.8322515487671, 300956407
572, 173.06258082389832, 297497402
718, 207.0758261680603, 355998492
600, 197.11820030212402, 331062967
795, 184.0259280204773, 301656202
439, 198.65445470809937, 367793490
782, 194.4378309249878, 347173129
569, 186.83294320106506, 360191293
827, 198.86340355873108, 324979571
166, 189.35409545898438, 324830798
228, 160.67070817947388, 285113663
465, 145.0441210269928, 318652776
263, 236.06004166603088, 374517517
461, 159.40965962409973, 284647586
401, 216.94525623321533, 365719364
764, 190.2020308971405, 309046369
445, 201.06020045280457, 327063235
861, 175.11488127708435, 312451291
227, 170.40446424484253, 314821515
568, 147.32968592643738, 281374791
110, 193.32238674163818, 325062109
828, 206.5645821094513, 347411883
677, 236.21262574195862, 379950487
189, 181.03301358222961, 294963699
278, 191.23642349243164, 313704816
552, 217.91934895515442, 362294267
92, 209.52103066444397, 321657347
825, 189.37206983566284, 312627917
435, 204.691157579422, 333169358
906, 147.98416328430176, 313548257
745, 207.43260622024536, 368527944
229, 180.36157321929932, 317779229
452, 158.22120356559753, 344769248
33, 178.89876651763916, 321180482
859, 170.25653624534607, 278437409
396, 153.82314825057983, 325070746
611, 214.32846903800964, 357822171
22, 219.14851450920105, 332870628
679, 206.69194674491882, 333803540
13, 180.50468730926514, 270245010
3, 189.33961844444275, 311654167
887, 213.167414188385, 356560138
204, 238.93028688430786, 381481698
864, 173.46343302726746, 286995676
879, 229.54620718955994, 380128220
998, 175.90533113479614, 320443883
926, 228.68416047096252, 378766190
807, 183.53748226165771, 342878207
259, 219.00735139846802, 344696022
737, 182.21923303604126, 337754262
962, 199.67600321769714, 350564332
937, 167.38365864753723, 313009428
667, 199.9540343284607, 333672426
815, 195.86723637580872, 341855310
537, 186.46330094337463, 339403224
327, 201.7185127735138, 326899438
286, 204.43543434143066, 337628148
847, 166.1889772415161, 295748598
702, 196.17216277122498, 324943169
269, 185.56988883018494, 338109350
609, 182.5615656375885, 331329373
211, 159.20233392715454, 292608751
860, 199.67240142822266, 364927066
34, 148.08331441879272, 260864787
939, 196.53217244148254, 335485261
443, 189.15370774269104, 300091681
803, 200.47586941719055, 351122670
575, 212.2791609764099, 358592043
413, 179.03360724449158, 329408071
606, 204.95543670654297, 400616464
198, 246.40030550956726, 390392585
317, 202.90868425369263, 356990080
125, 239.70054984092712, 392352574
295, 169.54479885101318, 274202849
418, 211.22873067855835, 375939980
76, 187.60750484466553, 347934572
457, 166.56798791885376, 286464288
602, 201.72257232666016, 334838877
91, 211.5627303123474, 356373896
377, 190.88883090019226, 305543033
674, 187.19021224975586, 342082035
731, 194.4970555305481, 340569038
337, 165.71131873130798, 305065538
885, 203.17887830734253, 360153125
266, 191.42795395851135, 344937876
563, 194.21408438682556, 322083472
449, 224.8303577899933, 354890707
366, 220.5445590019226, 376316484
875, 193.9679834842682, 304359868
785, 184.50512146949768, 324745206
7, 198.57590675354004, 325475918
659, 201.6881880760193, 344418561
86, 238.53613901138306, 362062855
791, 188.17171788215637, 321464819
12, 207.80517983436584, 318441389
576, 161.370934009552, 294828452
138, 179.4437849521637, 303137401
471, 204.05273246765137, 328791526
833, 159.9361493587494, 296689288
132, 202.67670941352844, 333256700
577, 237.12509298324585, 387510524
685, 201.9630308151245, 341969037
274, 215.49861860275269, 344612028
354, 187.8945927619934, 319521370
220, 202.83880019187927, 346148347
109, 233.1764678955078, 410614077
438, 207.25045490264893, 351843391
826, 182.94436359405518, 308287877
663, 255.1396713256836, 418981837
806, 233.37686252593994, 379240553
974, 182.66174149513245, 312806246
787, 207.75656652450562, 328693484
669, 214.68369126319885, 329667057
657, 200.69357824325562, 314816237
83, 193.83545303344727, 331793747
114, 168.86445903778076, 283962863
485, 193.05047702789307, 330876516
757, 201.527667760849, 354141843
137, 178.1575174331665, 317229013
391, 130.78030514717102, 286086669
17, 206.54733657836914, 313378011
362, 164.05650424957275, 298340333
255, 207.3939130306244, 337693660
977, 194.1367208957672, 359465444
430, 206.52243852615356, 369824631
722, 206.65483450889587, 348878379
542, 211.30876398086548, 396993370
330, 166.79096221923828, 328789021
777, 196.49623203277588, 349989420
450, 227.38572764396667, 366365279
551, 194.33725452423096, 348612754
823, 193.43223357200623, 343285845
991, 187.7576823234558, 332123544
139, 183.1247329711914, 310934359
27, 236.782124042511, 345644101
426, 227.90415620803833, 385906467
612, 196.30210947990417, 342311197
681, 238.35493111610413, 411888686
336, 177.46669626235962, 327335683
340, 188.0666356086731, 310798107
945, 187.70383954048157, 301214508
135, 177.6416311264038, 326928644
717, 189.16531229019165, 315646412
495, 181.6802899837494, 288836142
700, 225.38483953475952, 360362871
636, 185.08978128433228, 310829720
881, 169.5504171848297, 282758951
283, 198.1774926185608, 346980149
466, 187.5694363117218, 354748166
68, 168.36342072486877, 294285620
407, 239.66544365882874, 384416512
877, 194.28368091583252, 352653377
922, 198.06651997566223, 343478794
866, 201.23280334472656, 322333060
301, 219.74322414398193, 342723736
219, 168.50075364112854, 356122828
134, 177.56195998191833, 298539084
472, 170.98981404304504, 327191996
140, 245.60655546188354, 374523156
837, 209.3119285106659, 346427164
216, 166.06589531898499, 284730098
761, 201.8178198337555, 346506698
177, 187.66709208488464, 329660962
155, 210.6200623512268, 347062739
845, 172.5592074394226, 332553608
900, 190.23529720306396, 340581897
473, 202.07751154899597, 329752212
812, 163.36410903930664, 329332752
399, 187.58277940750122, 373091692
192, 210.40481042861938, 359110979
938, 211.2172691822052, 320570016
179, 152.29776310920715, 280804021
290, 186.2560522556305, 308952794
583, 199.6653072834015, 364128769
111, 166.39168000221252, 295115854
911, 234.68117260932922, 368989920
704, 229.37044167518616, 354272322
276, 275.4453113079071, 379954648
270, 192.54247760772705, 352348957
307, 193.84914898872375, 345038340
607, 188.8707013130188, 318783497
960, 197.68672966957092, 371038366
508, 185.99552416801453, 320955659
347, 188.96207213401794, 322178786
383, 212.33887767791748, 380932932
310, 159.07694506645203, 336445515
597, 194.8798475265503, 315586729
126, 181.3103904724121, 315363605
734, 204.7658932209015, 343449609
701, 205.11152625083923, 369538992
779, 163.03961610794067, 291018538
872, 188.32670331001282, 301417458
574, 151.21148920059204, 287897624
429, 188.47632551193237, 311227897
654, 184.8067545890808, 333422588
672, 216.51663184165955, 340079284
475, 167.57042360305786, 295946388
123, 170.57669019699097, 315706046
792, 155.61030507087708, 284542860
688, 236.8049280643463, 393526257
901, 166.40318298339844, 283552496
655, 172.45145225524902, 306402457
406, 182.32854342460632, 304102300
742, 200.5077223777771, 354201087
121, 170.64429664611816, 314781629
359, 159.51021003723145, 281316766
382, 220.90809440612793, 331893709
976, 164.02233600616455, 304934981
935, 204.1052267551422, 367605532
262, 193.93742322921753, 336747035
44, 188.882883310318, 327384256
608, 216.71439290046692, 346269594
582, 184.3035111427307, 321873819
650, 198.6995346546173, 324670026
350, 195.3351480960846, 333708973
53, 179.58391952514648, 326476738
408, 179.48697233200073, 329897948
491, 166.29200983047485, 303507115
474, 184.21276235580444, 319850484
979, 214.13122701644897, 353893478
99, 222.65489864349365, 355512928
442, 173.20727610588074, 292320134
254, 173.71965622901917, 288836471
883, 208.21857833862305, 342917118
652, 185.19363474845886, 299836607
66, 196.18538784980774, 335430894
416, 186.45725464820862, 349731695
780, 179.0774223804474, 288907544
558, 172.62308287620544, 295708293
321, 156.57308745384216, 280926334
299, 209.0809211730957, 331413709
440, 191.60231041908264, 365516544
446, 199.7099211215973, 347939444
642, 177.53391003608704, 347118200
918, 200.56278824806213, 318780875
763, 212.05376887321472, 346601829
849, 210.75990295410156, 337471682
379, 197.477863073349, 326613840
69, 231.53829169273376, 381557232
891, 176.64399480819702, 297744410
553, 205.5523009300232, 367044170
496, 226.2619378566742, 395237012
74, 225.54629778862, 384215496
858, 169.31027054786682, 288743366
978, 207.1230502128601, 354854143
245, 206.76284384727478, 333737411
149, 182.2869062423706, 297840848
490, 181.10299611091614, 331788749
595, 158.73692417144775, 280158563
969, 181.87206530570984, 312787805
73, 167.7294089794159, 305844463
963, 172.81815195083618, 282596574
929, 187.58951377868652, 319429914
240, 163.63160347938538, 316732738
725, 211.78517866134644, 339329120
38, 188.61449241638184, 329939827
617, 179.51219296455383, 351270431
151, 158.33339285850525, 290802365
616, 158.58304738998413, 314381158
538, 218.23166799545288, 339700794
550, 191.68386912345886, 332267911
1, 212.44254159927368, 352521195
910, 194.64989757537842, 321873167
830, 197.83350467681885, 317358478
767, 180.78964495658875, 289955140
836, 208.64828252792358, 356348338
98, 230.89052748680115, 380045130
46, 199.98498821258545, 352264480
626, 212.002037525177, 377732276
174, 173.94799828529358, 305921470
771, 221.64908742904663, 341889597
52, 203.23658418655396, 350378592
64, 203.2842674255371, 360688436
619, 210.84153628349304, 359876405
510, 204.2516610622406, 361473589
47, 168.57287192344666, 298376933
746, 177.07360553741455, 341516642
618, 218.81411385536194, 381365957
460, 150.69005370140076, 339103457
296, 214.3122808933258, 341266354
226, 179.36363530158997, 293568395
60, 168.84490418434143, 290848840
897, 183.42743182182312, 334869295
531, 222.2690191268921, 358966453
916, 240.58660864830017, 385216242
973, 176.14260864257812, 303244703
643, 206.39675116539001, 317068662
694, 187.7384204864502, 337002032
966, 219.0496153831482, 347971694
621, 196.8039436340332, 352231949
913, 197.6879346370697, 350536682
182, 196.43329739570618, 353727298
686, 212.22317457199097, 349904177
870, 210.99920344352722, 351624107
233, 158.58507561683655, 271412891
635, 178.16251802444458, 334048981
422, 180.92125844955444, 299821202
905, 199.29490542411804, 325733746
896, 213.23733377456665, 341282059
339, 172.24585223197937, 291186879
222, 188.97183871269226, 370278914
765, 186.64435863494873, 306647549
393, 193.85111212730408, 329265116
302, 231.92569255828857, 350904806
188, 213.0012891292572, 346735479
878, 196.24850344657898, 327257356
522, 181.05307793617249, 342235257
865, 194.42993474006653, 317446791
201, 217.7174732685089, 330965795
956, 223.30788016319275, 382743246
208, 160.95601558685303, 297290331
96, 202.23768186569214, 336663126
131, 192.55121636390686, 315332254
736, 158.54879593849182, 320828537
728, 227.05312156677246, 365889537
776, 198.3910267353058, 318830724
402, 181.5351197719574, 361959738
375, 202.73351955413818, 331592504
511, 189.46379160881042, 337606523
964, 138.29649567604065, 291345358
708, 157.60107970237732, 295248547
755, 189.00161027908325, 307699570
656, 193.45347571372986, 314208445
338, 191.903470993042, 323379264
852, 202.16879773139954, 361763310
50, 167.00926566123962, 331898057
668, 181.958735704422, 330334407
982, 199.3943314552307, 324043285
464, 142.3096799850464, 326006755
489, 179.39222836494446, 333677077
954, 181.64105343818665, 308194335
587, 143.3330008983612, 269941530
173, 224.43544340133667, 382940638
987, 202.33128952980042, 344674284
481, 225.14659547805786, 362165915
715, 249.23463940620422, 427287667
772, 169.69568824768066, 295668646
221, 189.2698061466217, 371584199
234, 187.25191736221313, 310722317
784, 170.4659402370453, 297686780
194, 166.81020712852478, 303112466
566, 221.2760751247406, 357521206
703, 200.45640516281128, 326600023
398, 175.19669365882874, 334049284
739, 215.07584834098816, 351849338
970, 169.71027040481567, 288430327
640, 178.85821437835693, 315347942
967, 182.29246258735657, 332633093
328, 175.61054611206055, 286659602
303, 194.82078981399536, 304963022
980, 160.01726460456848, 289996124
479, 167.337562084198, 314130384
924, 178.76333570480347, 302740729
730, 163.23545861244202, 286042463
562, 160.09746098518372, 272333054
441, 208.72404742240906, 346833712
258, 201.75472235679626, 327719632
817, 206.84447693824768, 336053984
671, 213.38713192939758, 349379121
649, 201.01474714279175, 339405147
476, 168.18432474136353, 313395729
424, 195.33935260772705, 355435707
218, 167.30527758598328, 303509061
692, 233.40782523155212, 374138051
26, 201.30679392814636, 298973782
42, 198.62291431427002, 329635209
253, 212.18722009658813, 352003917
48, 164.90140438079834, 305533178
711, 239.72109270095825, 403285731
63, 188.7754487991333, 322636931
748, 222.68578839302063, 372965686
142, 173.4482774734497, 297410017
493, 181.30341029167175, 374591237
444, 235.99945330619812, 407995855
942, 166.76413702964783, 301344984
395, 231.60759735107422, 380389206
225, 157.60889267921448, 321147997
186, 198.188410282135, 328212087
237, 172.83075428009033, 310070773
829, 203.46264815330505, 328935796
238, 173.6935613155365, 298346725
178, 232.70373225212097, 390074770
61, 201.721684217453, 323089787
610, 166.70403695106506, 281726360
411, 223.3355643749237, 336457751
159, 203.00543856620789, 362943297
224, 171.6751410961151, 321177090
965, 138.67595887184143, 296518521
202, 209.47268295288086, 342600754
370, 193.29559969902039, 336256286
824, 238.40184831619263, 405821038
386, 219.8368420600891, 334367023
721, 193.13064742088318, 334485476
5, 173.48979568481445, 291744230
368, 212.1628453731537, 335606859
497, 197.7867727279663, 325593702
329, 198.78852796554565, 310018799
838, 175.17162251472473, 316291902
492, 209.07135653495789, 318972690
931, 213.20087242126465, 351512952
94, 203.39758968353271, 330270578
70, 215.6999387741089, 341409029
183, 178.07356142997742, 313089219
741, 221.43177199363708, 361531636
687, 204.330570936203, 308815759
898, 168.40866088867188, 301378402
32, 181.47777128219604, 329060379
593, 191.91006326675415, 339337839
343, 208.90255856513977, 346028405
499, 205.28424096107483, 363436446
665, 162.45201802253723, 285576657
920, 182.18355321884155, 297860292
556, 183.5875964164734, 306014441
798, 218.84063601493835, 364823248
315, 260.7470383644104, 398075295
57, 157.2615921497345, 307140975
840, 208.54020738601685, 339354039
404, 186.20931220054626, 302798408
14, 194.7170581817627, 303416186
62, 176.4392855167389, 307114656
662, 213.9875566959381, 335421575
235, 199.3343267440796, 318741909
512, 196.54572200775146, 315598210
145, 222.5006787776947, 349057907
176, 189.99943566322327, 310403437
369, 184.56536293029785, 294512944
453, 145.7979063987732, 291268156
831, 194.51228070259094, 339151859
80, 193.18878507614136, 317049307
197, 187.16479086875916, 338593785
171, 184.65954566001892, 348818720
273, 181.73870062828064, 325271735
628, 185.18800163269043, 297703965
371, 225.60936450958252, 299627930
389, 221.86127543449402, 354719233
781, 169.02165031433105, 308399254
532, 185.60038232803345, 313740212
95, 227.34373569488525, 333951064
147, 216.32205843925476, 370940929
77, 181.7811999320984, 310625897
210, 189.08289527893066, 344781065
335, 185.30152893066406, 331228603
280, 218.04863166809082, 378689151
846, 197.28552722930908, 347015419
988, 212.4069550037384, 364511567
990, 203.49675154685974, 366803426
505, 154.09181952476501, 325869389
790, 164.5089716911316, 331411737
842, 220.4736475944519, 377208583
463, 190.39137649536133, 375095386
373, 187.38306760787964, 335633050
271, 200.5699155330658, 363550114
67, 191.1708469390869, 327908523
150, 182.34913659095764, 288336589
908, 182.52083492279053, 300916147
753, 199.37620306015015, 350714575
55, 173.96665740013123, 325958596
646, 183.25137519836426, 302558171
536, 216.2635612487793, 347644801
735, 216.23240208625793, 372959721
191, 229.12596249580383, 348549865
16, 219.4772982597351, 343481761
308, 195.2609658241272, 321823787
161, 195.06371903419495, 333576899
709, 196.77081155776978, 349398175
921, 214.44767332077026, 344244234
892, 204.49471616744995, 377587658
874, 171.75322079658508, 321863382
334, 172.13690185546875, 303789799
501, 182.30539631843567, 348704059
620, 187.88177299499512, 353165724
932, 191.27855229377747, 351503260
190, 188.13863325119019, 326631863
41, 212.1460382938385, 336726436
705, 200.39160346984863, 359785331
633, 208.40697050094604, 334468059
381, 204.88606119155884, 328670192
613, 215.95166945457458, 346973301
653, 201.92943334579468, 328375090
199, 195.94316029548645, 302031744
122, 176.88359236717224, 312387490
808, 177.4987530708313, 301040741
300, 246.2860074043274, 293478110
570, 165.83499670028687, 306254823
6, 220.88109850883484, 357230443
124, 184.88233137130737, 327141992
506, 215.16649293899536, 372666141
848, 226.01541328430176, 378698294
788, 197.79020619392395, 334856638
209, 183.7292284965515, 286821523
163, 174.14950299263, 328940709
944, 181.35953736305237, 322203906
984, 153.4106044769287, 300249719
936, 186.26053619384766, 319250021
365, 193.98063206672668, 363733391
90, 221.10763263702393, 380126973
519, 198.41875004768372, 342985740
504, 160.75307250022888, 344242735
40, 210.66839790344238, 343528826
432, 192.48797154426575, 355378621
578, 231.68455743789673, 389913925
535, 201.7241551876068, 319179165
257, 204.0477101802826, 346381478
319, 167.36109900474548, 302106348
940, 196.09166741371155, 346261931
855, 206.34494733810425, 384203654
614, 211.0564980506897, 404503786
8, 223.19838666915894, 360797168
804, 190.33693766593933, 337285015
867, 188.5266890525818, 337792308
23, 237.60230159759521, 355376520
907, 177.84433484077454, 299091159
588, 206.7075264453888, 345165209
841, 203.1354649066925, 370245418
839, 172.76179003715515, 313380900
928, 208.08685779571533, 350231037
279, 172.8354527950287, 313458735
93, 216.23186540603638, 338735526
673, 197.35963559150696, 331216643
682, 191.08666038513184, 343871514
431, 191.1818025112152, 312700922
385, 187.6258418560028, 339760713
513, 210.82674288749695, 347704948
689, 190.2982301712036, 325240479
759, 170.86545062065125, 311384920
311, 234.05911469459534, 384079298
744, 218.94229698181152, 332747676
740, 182.41865611076355, 303665793
683, 227.36131167411804, 391231059
853, 167.12406635284424, 305645673
79, 192.29151058197021, 323626402
243, 216.34134340286255, 328984576
231, 188.3708393573761, 307807777
84, 204.59650325775146, 346031531
697, 178.96973395347595, 298984540
770, 168.43693590164185, 305372869
37, 189.60399341583252, 330029064
884, 187.96451568603516, 325671453
605, 174.48371481895447, 327349194
733, 190.4565086364746, 310076748
136, 229.90376543998718, 375502832
477, 189.38715386390686, 355557448
304, 206.28691339492798, 339808408
143, 201.31001567840576, 351503498
517, 229.04945588111877, 383789627
995, 239.78210139274597, 356678132
324, 218.88299703598022, 356921920
972, 211.55110692977905, 355134182
193, 204.9888014793396, 330624649
589, 215.0820767879486, 343129284
695, 181.44189834594727, 313274756
162, 187.36729502677917, 324192280
157, 195.30591893196106, 320960225
923, 183.9454333782196, 308944635
540, 194.2615098953247, 337046127
888, 190.38548493385315, 321020004
200, 194.0794394016266, 346547708
309, 199.91096901893616, 355033274
15, 226.9682240486145, 338199139
521, 163.5207142829895, 309142348
762, 184.02888941764832, 298175110
547, 163.5302677154541, 315134377
591, 203.31247973442078, 319450189
468, 208.25521039962769, 329777881
743, 172.37938833236694, 300089251
242, 228.47785019874573, 371888938
154, 186.61957836151123, 352974176
284, 200.00884699821472, 305606782
282, 179.1209683418274, 294061238
629, 169.72669744491577, 309700084
409, 179.37951755523682, 325506131
634, 202.00868821144104, 334211832
783, 215.53582406044006, 335710480
156, 170.71769452095032, 307849078
557, 192.04062247276306, 318164661
331, 186.94306921958923, 345608479
165, 183.71834540367126, 359853258
428, 197.99988627433777, 351817412
902, 219.99108481407166, 369013121
727, 236.37148571014404, 382043036
925, 177.17738914489746, 316336921
955, 190.7668957710266, 347078925
664, 189.08787369728088, 317781844
545, 161.5229616165161, 267486558
316, 201.75786018371582, 370934134
950, 219.59708642959595, 346798043
500, 192.49707984924316, 341968142
261, 182.9414026737213, 297143867
975, 170.41410303115845, 287444965
462, 194.94718480110168, 365922395
403, 242.8199520111084, 403190326
527, 189.33355569839478, 339075205
912, 193.73907279968262, 353928105
751, 231.41969752311707, 386429629
509, 195.1138837337494, 332950514
312, 223.28741455078125, 349326017
951, 165.98571920394897, 307465581
427, 166.03412699699402, 321281299
236, 191.10232734680176, 333938013
675, 171.3532531261444, 293450777
346, 164.58519506454468, 261961144
723, 212.85611200332642, 359980803
1000, 192.94150567054749, 361448243
917, 169.56873774528503, 289578447
108, 184.7026891708374, 330892895
934, 195.4547472000122, 326564965
515, 193.92142271995544, 364278649
344, 190.01264548301697, 334047794
323, 198.8717761039734, 323053888
843, 220.7487347126007, 360458980
318, 175.765789270401, 322189019
948, 183.24749040603638, 317197372
915, 235.35282826423645, 386264695
565, 187.8848533630371, 333606360
816, 173.77545976638794, 314529330
573, 193.02754545211792, 337768885
133, 183.06400108337402, 318942770
714, 223.40175652503967, 375159633
832, 172.89255142211914, 296412243
387, 213.3800241947174, 353950385
794, 202.90894150733948, 333870161
930, 219.95672488212585, 371737010
719, 185.29170560836792, 318361767
541, 239.32526397705078, 398004511
768, 211.09022498130798, 333108104
433, 176.17034649848938, 319230300
78, 211.4647922515869, 348861320
822, 180.48733401298523, 325501121
548, 252.44545602798462, 420221912
601, 205.60131525993347, 363399684
639, 165.5431468486786, 316171752
425, 168.01098680496216, 304864010
144, 224.53099513053894, 336010534
146, 183.09785842895508, 286189667
729, 169.91019535064697, 299677115
834, 166.56833124160767, 313625610
800, 236.005108833313, 340322745
624, 186.05366015434265, 304304039
223, 202.2998685836792, 341316440
534, 188.86789536476135, 327116922
380, 189.14865136146545, 345183368
533, 158.41117572784424, 339832368
615, 176.19346499443054, 304157476
856, 213.32454252243042, 335903607
363, 173.2177333831787, 309490376
641, 197.59257769584656, 330286315
543, 223.25888347625732, 378947676
946, 188.07674741744995, 337015850
28, 193.55421352386475, 337276929
811, 177.10849046707153, 308370538
712, 197.78420448303223, 313121454
289, 207.60466384887695, 329274565
250, 173.0909252166748, 313660299
353, 185.05544328689575, 317804906
645, 209.93277525901794, 343379402
873, 175.5236737728119, 335670733
81, 192.60729336738586, 314775874
696, 166.02338457107544, 295356133
623, 206.68609356880188, 348420395
710, 197.68626308441162, 353434617
585, 227.68870615959167, 395212910
267, 231.41507816314697, 360434688
809, 215.45401334762573, 355496260
482, 186.21906661987305, 312101843
104, 141.49943828582764, 258567987
185, 204.1886966228485, 338453584
29, 178.54942512512207, 306590928
314, 197.35563945770264, 367610102
630, 178.40359783172607, 302303809
993, 206.54514288902283, 371419237
215, 191.96458840370178, 345036098
230, 184.764719247818, 335465378
423, 168.73856043815613, 307155880
287, 200.8885703086853, 346299238
148, 212.56290793418884, 357294576
11, 206.25079488754272, 343536079
184, 162.03014159202576, 294994624
36, 173.82611632347107, 300571130
420, 207.25129222869873, 376871201
378, 188.46913695335388, 318270132
529, 189.02741646766663, 305271765
30, 181.47665786743164, 303798351
871, 188.46451234817505, 315727429
778, 209.51931166648865, 337608754
39, 208.2554337978363, 365962438
752, 173.13961791992188, 320442510
141, 202.31823682785034, 332536997
486, 176.7402687072754, 299538926
455, 213.21815252304077, 358965514
127, 168.85714721679688, 276524474
889, 165.5204062461853, 304147594
112, 207.16799902915955, 350354964
503, 206.4854416847229, 356565330
983, 159.33798480033875, 288422523
596, 170.074072599411, 282039526
88, 174.12972211837769, 288971924
419, 232.57592701911926, 377284568
594, 177.83410501480103, 302219720
374, 213.00280165672302, 339022040
590, 193.7738664150238, 322799669
458, 211.8621654510498, 381162266
478, 175.87262630462646, 322531158
732, 199.11593866348267, 334536875
45, 209.1161072254181, 370307344
417, 189.01232171058655, 334989271
167, 163.39128136634827, 291458889
400, 156.34601974487305, 302490889
810, 182.80404710769653, 318785675
880, 178.84605884552002, 346694240
24, 200.1753957271576, 316421411
376, 184.62205624580383, 371504145
647, 197.33559608459473, 336435129
467, 185.99619507789612, 336752963
564, 209.40580558776855, 322555595
680, 215.35835194587708, 379132714
507, 181.12358045578003, 308609449
361, 207.79282093048096, 379491713
75, 206.5719518661499, 343642959
436, 188.77129340171814, 348240802
999, 156.8226776123047, 306380686
502, 181.9884853363037, 301758637
819, 206.0446858406067, 341882633
941, 215.24727392196655, 347753034
82, 170.63919067382812, 308004404
265, 190.0712170600891, 353312855
579, 194.54450726509094, 323267724
281, 203.05938076972961, 373030368
355, 185.95254063606262, 311235215
364, 189.15954875946045, 346051339
895, 175.1754012107849, 318449129
968, 199.77076721191406, 334106146
349, 185.62912273406982, 330521097
958, 182.13807320594788, 304438266
707, 215.43387031555176, 378793649
272, 209.635883808136, 354672844
49, 171.91355514526367, 305366128
818, 223.6576545238495, 358276402
555, 210.02330207824707, 343986202
716, 174.13925433158875, 291358040
758, 165.30998945236206, 287981970
992, 150.51180338859558, 285687908
561, 224.7244439125061, 362348593
518, 158.7140440940857, 297199105
21, 228.11268663406372, 354098024
592, 185.7543022632599, 321962310
814, 207.75551462173462, 362453010
451, 204.96873307228088, 354584232
622, 179.5192744731903, 303127790
2, 161.7025294303894, 258300508
